{
    "zookeeper": {
        "connectionString": "zookeeper:2181",
        "retrySleepTime": 1000,
        "numberOfRetries": 5,
        "leaderSelectorPath": "/leader-election"
    },
    "daemon": {
        "shutdownAwaitTime": 10000,
        "monitors": [
            {
                "monitorClass": "com.company.CustomProbeMonitor",
                "settings": {
                    "azure": {
                        "subscriptionId": "<azure_subscription_id>",
                        "servicePrincipal": {
                            "clientId": "<azure_service_principal_id>",
                            "tenantId": "<azure_tenant_id>",
                            "keyStorePath": "<path_to_keystore>",
                            "keyStorePassword": "<keystore_password>",
                            "certificatePassword": "<certificate_password>"
                        }
                    },
                    "numberOfFailuresThreshold": 3,
                    "probeConnectTimeout": 3000,
                    "routeTables": [
                        "<route_table_1_id>",
                        "<route_table_2_id>"
                    ],
                    "publicIpAddresses": [
                        {
                            "name": "nic1",
                            "id": "<public_ip_address_id"
                        }
                    ],
                    "nvas": [
                        {
                            "networkInterfaces": [
                                {
                                    "name": "nic1",
                                    "id": "<public_ip_address_network_interface>"
                                },
                                {
                                    "name": "nic2",
                                    "id": "<route_table_network_interface>"
                                },
                                {
                                    "name": "nic3",
                                    "id": "<route_table_network_interface>"
                                }
                            ],
                            "probeNetworkInterface": "<probe_network_interface>",
                            "probePort": 54321
                        },
                        {
                            "networkInterfaces": [
                                {
                                    "name": "nic1",
                                    "id": "<public_ip_address_network_interface>"
                                },
                                {
                                    "name": "nic2",
                                    "id": "<route_table_network_interface>"
                                },
                                {
                                    "name": "nic3",
                                    "id": "<route_table_network_interface>"
                                }
                            ],
                            "probeNetworkInterface": "<probe_network_interface>",
                            "probePort": 54321
                        }
                    ]
                }
            }
        ]
    }
}
